{
  "send_email": {
    "precision": 1.0,
    "recall": 1.0,
    "f1-score": 1.0,
    "support": 3,
    "confused_with": {}
  },
  "affirm": {
    "precision": 1.0,
    "recall": 0.8235294117647058,
    "f1-score": 0.9032258064516129,
    "support": 17,
    "confused_with": {
      "if_email": 3
    }
  },
  "goodbye": {
    "precision": 1.0,
    "recall": 1.0,
    "f1-score": 1.0,
    "support": 8,
    "confused_with": {}
  },
  "greet": {
    "precision": 1.0,
    "recall": 1.0,
    "f1-score": 1.0,
    "support": 12,
    "confused_with": {}
  },
  "if_email": {
    "precision": 0.5714285714285714,
    "recall": 1.0,
    "f1-score": 0.7272727272727273,
    "support": 4,
    "confused_with": {}
  },
  "restaurant_search": {
    "precision": 1.0,
    "recall": 1.0,
    "f1-score": 1.0,
    "support": 136,
    "confused_with": {}
  },
  "accuracy": 0.9833333333333333,
  "macro avg": {
    "precision": 0.9285714285714285,
    "recall": 0.9705882352941176,
    "f1-score": 0.9384164222873901,
    "support": 180
  },
  "weighted avg": {
    "precision": 0.9904761904761904,
    "recall": 0.9833333333333333,
    "f1-score": 0.9847996089931573,
    "support": 180
  }
}